John,Doe,1990-05-15,1
Jane,Smith,1985-08-23,5
Michael,Johnson,1978-11-02,3
Emily,Williams,1982-04-10,2
Matthew,Jones,1991-12-21,4
Sara,Brown,1988-07-30,2
Liam,Davis,1994-03-15,1
Olivia,Garcia,1990-09-25,3
Noah,Miller,1982-01-05,5
Ava,Wilson,1985-06-09,4
Lucas,Moore,1979-08-15,1
Emma,Taylor,1987-09-27,5
Sophia,Anderson,1992-03-11,2
Ethan,Thomas,1986-01-23,3
Isabella,Jackson,1995-07-17,1
Mason,White,1993-12-03,4
Mia,Martin,1980-11-02,5
Alexander,Lee,1981-06-06,3
Charlotte,Harris,1994-04-05,2
James,Clark,1977-10-21,1
Amelia,Lewis,1984-02-09,4
Benjamin,Robinson,1996-03-12,3
Aria,Walker,1988-05-25,5
Logan,Young,1991-01-28,2
Harper,Allen,1989-11-08,1
Ella,King,1990-03-18,4
Sebastian,Wright,1985-07-21,3
Abigail,Scott,1979-04-29,5
Jack,Green,1987-12-12,1
Zoe,Adams,1982-10-18,2
Ryan,Baker,1993-09-17,4
Chloe,Nelson,1990-06-04,5
Jacob,Campbell,1981-03-22,3
Grace,Mitchell,1994-05-19,1
Carter,Carter,1988-02-16,2
Evelyn,Carter,1986-04-23,4
Oliver,Hill,1975-08-05,5
Madison,Phillips,1991-10-30,1
Daniel,Evans,1983-12-07,3
Sophie,Torres,1978-06-16,2
William,Sanders,1995-01-20,4
Natalie,Perez,1982-09-23,5
Gabriel,Ramirez,1989-08-04,1
Scarlett,Patel,1990-07-28,3
Henry,Lopez,1992-11-19,2
Victoria,Rivera,1984-03-14,5
Luke,Cruz,1993-10-06,4
Elizabeth,Murphy,1987-02-18,1
Julian,Kim,1985-11-25,2
Layla,Lee,1989-09-15,3
Wyatt,Cook,1996-07-02,5
Isaac,Edwards,1976-05-30,4
Lillian,Bailey,1983-01-06,1
David,Diaz,1980-07-13,3
Eleanor,Gray,1989-04-09,2
Leo,Morris,1992-10-22,5
Avery,Howard,1990-12-31,1
Caleb,Ward,1986-08-24,4
Penelope,Cox,1994-03-05,2
Samuel,Foster,1988-05-09,3
Nora,Stone,1991-11-25,5
Isaiah,Powell,1984-09-21,1
Zoey,Richards,1987-07-19,4
Aaron,Price,1979-02-17,2
Hazel,Wood,1995-08-03,3
Charles,Coleman,1992-04-15,1
Lily,Bell,1983-10-30,5
Josiah,Reed,1980-12-25,2
Ariana,Grant,1986-10-07,4
Adam,Howard,1994-01-10,3
Eva,Pierce,1991-06-28,1
Thomas,Peters,1985-03-20,5
Alice,Long,1978-07-15,4
Ian,Russell,1987-04-12,2
Mila,Parker,1992-12-16,1
Jason,Rogers,1983-08-22,3
Ella,Barnes,1984-11-01,5
Matthew,Hughes,1995-02-08,2
Chloe,Wheeler,1989-01-20,4
Lucy,Ford,1990-08-07,1
Andrew,Shaw,1976-09-13,3
Jasper,Mason,1994-10-29,5
Aurora,Webb,1981-05-21,4
Cameron,Riley,1982-12-18,2
Charlotte,Brooks,1993-07-24,1
Owen,Kennedy,1988-10-05,3
Anna,Lawrence,1990-03-02,5
Elijah,Richardson,1992-05-07,2
Bella,Lane,1985-12-31,4